Seconds,Timestamp,VER 1 Confidence,VER 2 Confidence,Note
0,00:00,43.0%,43.0%,
5,00:05,,33.0%,
10,00:10,38.0%,38.0%,
15,00:15,,38.0%,
20,00:20,34.0%,34.0%,
25,00:25,,35.0%,
30,00:30,37.0%,37.0%,
35,00:35,,28.0%,
40,00:40,38.0%,38.0%,
45,00:45,,51.0%,
50,00:50,53.0%,53.0%,
55,00:55,,46.0%,
60,01:00,52.0%,52.0%,
65,01:05,,52.0%,
70,01:10,52.0%,52.0%,
75,01:15,,49.0%,
80,01:20,41.0%,41.0%,
85,01:25,,40.0%,
90,01:30,38.0%,38.0%,
95,01:35,,29.0%,
100,01:40,25.0%,25.0%,
105,01:45,,26.0%,
110,01:50,37.0%,37.0%,
115,01:55,,44.0%,
120,02:00,32.0%,32.0%,
125,02:05,,51.0%,
130,02:10,42.0%,42.0%,
135,02:15,,39.0%,
140,02:20,43.0%,43.0%,
145,02:25,,38.0%,
150,02:30,38.0%,38.0%,
155,02:35,,34.0%,
160,02:40,47.0%,47.0%,
165,02:45,,44.0%,
170,02:50,54.0%,54.0%,
175,02:55,,57.0%,
180,03:00,63.0%,63.0%,
185,03:05,,61.0%,
190,03:10,56.0%,56.0%,
195,03:15,,68.0%,
200,03:20,69.0%,69.0%,
205,03:25,,68.0%,
210,03:30,57.0%,57.0%,
215,03:35,,38.0%,
220,03:40,40.0%,40.0%,
225,03:45,,37.0%,
230,03:50,37.0%,37.0%,
235,03:55,,37.0%,
240,04:00,40.0%,40.0%,
245,04:05,,54.0%,
250,04:10,63.0%,63.0%,
255,04:15,,32.0%,
260,04:20,21.0%,21.0%,
265,04:25,,30.0%,
270,04:30,31.0%,31.0%,
275,04:35,,25.0%,
280,04:40,19.0%,19.0%,
285,04:45,,38.0%,
290,04:50,42.0%,42.0%,
295,04:55,,44.0%,
300,05:00,43.0%,43.0%,
305,05:05,,42.0%,
310,05:10,36.0%,36.0%,
315,05:15,,36.0%,
320,05:20,43.0%,43.0%,
325,05:25,,38.0%,
330,05:30,52.0%,52.0%,
335,05:35,,55.0%,
340,05:40,50.0%,50.0%,
345,05:45,,51.0%,
350,05:50,46.0%,46.0%,
355,05:55,,39.0%,
360,06:00,37.0%,37.0%,
365,06:05,,35.0%,
370,06:10,42.0%,42.0%,
375,06:15,,56.0%,
380,06:20,47.0%,47.0%,
385,06:25,,44.0%,
390,06:30,43.0%,43.0%,
395,06:35,,58.0%,
400,06:40,62.0%,62.0%,
405,06:45,,63.0%,
410,06:50,56.0%,56.0%,
415,06:55,,45.0%,
420,07:00,36.0%,36.0%,
425,07:05,,25.0%,
430,07:10,40.0%,40.0%,
435,07:15,,55.0%,
440,07:20,53.0%,53.0%,
445,07:25,,38.0%,
450,07:30,35.0%,35.0%,
455,07:35,,51.0%,
460,07:40,55.0%,55.0%,
465,07:45,,50.0%,
470,07:50,49.0%,49.0%,
475,07:55,,42.0%,
480,08:00,54.0%,54.0%,
485,08:05,,63.0%,
490,08:10,60.0%,60.0%,
495,08:15,,66.0%,
500,08:20,61.0%,61.0%,
505,08:25,,70.0%,
510,08:30,62.0%,62.0%,
515,08:35,,69.0%,
520,08:40,65.0%,65.0%,
525,08:45,,71.0%,
530,08:50,59.0%,59.0%,
535,08:55,,55.0%,
540,09:00,44.0%,44.0%,
545,09:05,,39.0%,
550,09:10,48.0%,48.0%,
555,09:15,,49.0%,
560,09:20,42.0%,42.0%,
565,09:25,,42.0%,
570,09:30,41.0%,41.0%,
575,09:35,,39.0%,
580,09:40,39.0%,39.0%,
585,09:45,,46.0%,
590,09:50,47.0%,47.0%,
595,09:55,,36.0%,
600,10:00,40.0%,40.0%,
605,10:05,,29.0%,
610,10:10,36.0%,36.0%,
615,10:15,,39.0%,
620,10:20,29.0%,29.0%,
625,10:25,,32.0%,
630,10:30,34.0%,34.0%,
635,10:35,,25.0%,
640,10:40,26.0%,26.0%,
645,10:45,,39.0%,
650,10:50,32.0%,32.0%,
655,10:55,,33.0%,
660,11:00,29.0%,29.0%,
665,11:05,,31.0%,
670,11:10,31.0%,31.0%,
675,11:15,,31.0%,
680,11:20,32.0%,32.0%,
685,11:25,,27.0%,
690,11:30,22.0%,22.0%,
695,11:35,,27.0%,
700,11:40,23.0%,23.0%,
705,11:45,,24.0%,
710,11:50,34.0%,34.0%,
715,11:55,,30.0%,
720,12:00,27.0%,27.0%,
725,12:05,,33.0%,
730,12:10,35.0%,35.0%,
735,12:15,,36.0%,
740,12:20,46.0%,46.0%,
745,12:25,,42.0%,
750,12:30,46.0%,46.0%,
755,12:35,,47.0%,
760,12:40,38.0%,38.0%,
765,12:45,,27.0%,
770,12:50,42.0%,42.0%,
775,12:55,,33.0%,
780,13:00,37.0%,37.0%,
785,13:05,,32.0%,
790,13:10,29.0%,29.0%,
795,13:15,,39.0%,
800,13:20,29.0%,29.0%,
805,13:25,,30.0%,
810,13:30,30.0%,30.0%,
815,13:35,,42.0%,
820,13:40,43.0%,43.0%,
825,13:45,,42.0%,
830,13:50,47.0%,47.0%,
835,13:55,,47.0%,
840,14:00,47.0%,47.0%,
845,14:05,,51.0%,
850,14:10,48.0%,48.0%,
855,14:15,,42.0%,
860,14:20,21.0%,21.0%,
865,14:25,,26.0%,
870,14:30,28.0%,28.0%,
875,14:35,,22.0%,
880,14:40,25.0%,25.0%,
885,14:45,,24.0%,
890,14:50,28.0%,28.0%,
895,14:55,,27.0%,
900,15:00,32.0%,32.0%,
905,15:05,,38.0%,
910,15:10,46.0%,46.0%,
915,15:15,,52.0%,
920,15:20,46.0%,46.0%,
925,15:25,,50.0%,
930,15:30,52.0%,52.0%,
935,15:35,,53.0%,
940,15:40,47.0%,47.0%,
945,15:45,,46.0%,
950,15:50,43.0%,43.0%,
955,15:55,,42.0%,
960,16:00,57.0%,57.0%,
965,16:05,,45.0%,
970,16:10,42.0%,42.0%,
975,16:15,,31.0%,
980,16:20,23.0%,23.0%,
985,16:25,,24.0%,
990,16:30,37.0%,37.0%,
995,16:35,,43.0%,
1000,16:40,39.0%,39.0%,
1005,16:45,,54.0%,
1010,16:50,63.0%,63.0%,
1015,16:55,,37.0%,
1020,17:00,39.0%,39.0%,
1025,17:05,,37.0%,
1030,17:10,41.0%,41.0%,
1035,17:15,,43.0%,
1040,17:20,41.0%,41.0%,
1045,17:25,,28.0%,
1050,17:30,34.0%,34.0%,
1055,17:35,,36.0%,
1060,17:40,36.0%,36.0%,
1065,17:45,,44.0%,
1070,17:50,45.0%,45.0%,
1075,17:55,,42.0%,
1080,18:00,42.0%,42.0%,
1085,18:05,,49.0%,
1090,18:10,54.0%,54.0%,
1095,18:15,,46.0%,
1100,18:20,30.0%,30.0%,
1105,18:25,,39.0%,
1110,18:30,36.0%,36.0%,
1115,18:35,,34.0%,
1120,18:40,38.0%,38.0%,
1125,18:45,,40.0%,
1130,18:50,40.0%,40.0%,
1135,18:55,,38.0%,
1140,19:00,38.0%,38.0%,
1145,19:05,,36.0%,
1150,19:10,34.0%,34.0%,
1155,19:15,,38.0%,
1160,19:20,39.0%,39.0%,
1165,19:25,,39.0%,
1170,19:30,50.0%,50.0%,
1175,19:35,,43.0%,
1180,19:40,44.0%,44.0%,
1185,19:45,,51.0%,
1190,19:50,48.0%,48.0%,
1195,19:55,,39.0%,
1200,20:00,39.0%,39.0%,
1205,20:05,,29.0%,
1210,20:10,33.0%,33.0%,
1215,20:15,,35.0%,
1220,20:20,35.0%,35.0%,
1225,20:25,,29.0%,
1230,20:30,40.0%,40.0%,
1235,20:35,,32.0%,
1240,20:40,30.0%,30.0%,
1245,20:45,,39.0%,
1250,20:50,40.0%,40.0%,
1255,20:55,,40.0%,
1260,21:00,38.0%,38.0%,
1265,21:05,,37.0%,
1270,21:10,37.0%,37.0%,
1275,21:15,,47.0%,
1280,21:20,47.0%,47.0%,
1285,21:25,,48.0%,
1290,21:30,60.0%,60.0%,
1295,21:35,,50.0%,
1300,21:40,51.0%,51.0%,
1305,21:45,,41.0%,
1310,21:50,42.0%,42.0%,
1315,21:55,,42.0%,
1320,22:00,47.0%,47.0%,
1325,22:05,,36.0%,
1330,22:10,29.0%,29.0%,
1335,22:15,,29.0%,
1340,22:20,29.0%,29.0%,
1345,22:25,,29.0%,
1350,22:30,32.0%,32.0%,
1355,22:35,,38.0%,
1360,22:40,43.0%,43.0%,
1365,22:45,,49.0%,
1370,22:50,27.0%,27.0%,
1375,22:55,,26.0%,
1380,23:00,30.0%,30.0%,
1385,23:05,,35.0%,
1390,23:10,49.0%,49.0%,
1395,23:15,,42.0%,
1400,23:20,31.0%,31.0%,
1405,23:25,,27.0%,
1410,23:30,34.0%,34.0%,
1415,23:35,,39.0%,
1420,23:40,43.0%,43.0%,
1425,23:45,,39.0%,
1430,23:50,46.0%,46.0%,
1435,23:55,,47.0%,
1440,24:00,44.0%,44.0%,
1445,24:05,,47.0%,
1450,24:10,39.0%,39.0%,
1455,24:15,,39.0%,
1460,24:20,47.0%,47.0%,
1465,24:25,,40.0%,
1470,24:30,38.0%,38.0%,
1475,24:35,,34.0%,
1480,24:40,33.0%,33.0%,
1485,24:45,,41.0%,
1490,24:50,46.0%,46.0%,
1495,24:55,,45.0%,
1500,25:00,47.0%,47.0%,
1505,25:05,,42.0%,
1510,25:10,42.0%,42.0%,
1515,25:15,,41.0%,
1520,25:20,50.0%,50.0%,
1525,25:25,,44.0%,
1530,25:30,45.0%,45.0%,
1535,25:35,,51.0%,
1540,25:40,50.0%,50.0%,
1545,25:45,,43.0%,
1550,25:50,45.0%,45.0%,
1555,25:55,,52.0%,
1560,26:00,50.0%,50.0%,
1565,26:05,,51.0%,
1570,26:10,48.0%,48.0%,
1575,26:15,,52.0%,
1580,26:20,53.0%,53.0%,
1585,26:25,,47.0%,
1590,26:30,53.0%,53.0%,
1595,26:35,,48.0%,
1600,26:40,49.0%,49.0%,
1605,26:45,,49.0%,
1610,26:50,46.0%,46.0%,
1615,26:55,,51.0%,
1620,27:00,52.0%,52.0%,
1625,27:05,,64.0%,
1630,27:10,56.0%,56.0%,
1635,27:15,,46.0%,
1640,27:20,51.0%,51.0%,
1645,27:25,,60.0%,
1650,27:30,58.0%,58.0%,
1655,27:35,,62.0%,
1660,27:40,53.0%,53.0%,
1665,27:45,,56.0%,
1670,27:50,55.0%,55.0%,
1675,27:55,,53.0%,
1680,28:00,48.0%,48.0%,
1685,28:05,,53.0%,
1690,28:10,49.0%,49.0%,
1695,28:15,,46.0%,
1700,28:20,42.0%,42.0%,
1705,28:25,,43.0%,
1710,28:30,49.0%,49.0%,
1715,28:35,,44.0%,
1720,28:40,55.0%,55.0%,
1725,28:45,,51.0%,
1730,28:50,52.0%,52.0%,
1735,28:55,,45.0%,
1740,29:00,52.0%,52.0%,
1745,29:05,,52.0%,
1750,29:10,41.0%,41.0%,
1755,29:15,,39.0%,
1760,29:20,33.0%,33.0%,
1765,29:25,,47.0%,
1770,29:30,48.0%,48.0%,
1775,29:35,,38.0%,
1780,29:40,44.0%,44.0%,
1785,29:45,,54.0%,
1790,29:50,50.0%,50.0%,
1795,29:55,,65.0%,
1800,30:00,60.0%,60.0%,
1805,30:05,,61.0%,
1810,30:10,55.0%,55.0%,
1815,30:15,,41.0%,
1820,30:20,41.0%,41.0%,
1825,30:25,,40.0%,
1830,30:30,43.0%,43.0%,
1835,30:35,,47.0%,
1840,30:40,51.0%,51.0%,
1845,30:45,,40.0%,
1850,30:50,34.0%,34.0%,
1855,30:55,,36.0%,
1860,31:00,33.0%,33.0%,
1865,31:05,,25.0%,
1870,31:10,40.0%,40.0%,
1875,31:15,,54.0%,
1880,31:20,46.0%,46.0%,
1885,31:25,,48.0%,
1890,31:30,48.0%,48.0%,
1895,31:35,,62.0%,
1900,31:40,52.0%,52.0%,
1905,31:45,,60.0%,
1910,31:50,59.0%,59.0%,
1915,31:55,,46.0%,
1920,32:00,48.0%,48.0%,
1925,32:05,,45.0%,
1930,32:10,41.0%,41.0%,
1935,32:15,,42.0%,
1940,32:20,49.0%,49.0%,
1945,32:25,,47.0%,
1950,32:30,40.0%,40.0%,
1955,32:35,,52.0%,
1960,32:40,48.0%,48.0%,
1965,32:45,,50.0%,
1970,32:50,52.0%,52.0%,
1975,32:55,,45.0%,
1980,33:00,46.0%,46.0%,
1985,33:05,,39.0%,
1990,33:10,35.0%,35.0%,
1995,33:15,,36.0%,
2000,33:20,35.0%,35.0%,
2005,33:25,,39.0%,
2010,33:30,31.0%,31.0%,
2015,33:35,,36.0%,
2020,33:40,41.0%,41.0%,
2025,33:45,,40.0%,
2030,33:50,37.0%,37.0%,
2035,33:55,,59.0%,
2040,34:00,57.0%,57.0%,
2045,34:05,,48.0%,
2050,34:10,48.0%,48.0%,
2055,34:15,,46.0%,
2060,34:20,52.0%,52.0%,
2065,34:25,,55.0%,
2070,34:30,57.0%,57.0%,
2075,34:35,,60.0%,
2080,34:40,60.0%,60.0%,
2085,34:45,,62.0%,
2090,34:50,47.0%,47.0%,
2095,34:55,,37.0%,
2100,35:00,31.0%,31.0%,
2105,35:05,,33.0%,
2110,35:10,24.0%,24.0%,
2115,35:15,,37.0%,
2120,35:20,48.0%,48.0%,
2125,35:25,,44.0%,
2130,35:30,48.0%,48.0%,
2135,35:35,,59.0%,
2140,35:40,44.0%,44.0%,
2145,35:45,,48.0%,
2150,35:50,55.0%,55.0%,
2155,35:55,,54.0%,
2160,36:00,49.0%,49.0%,
2165,36:05,,44.0%,
2170,36:10,43.0%,43.0%,
2175,36:15,,39.0%,
2180,36:20,44.0%,44.0%,
2185,36:25,,45.0%,
2190,36:30,50.0%,50.0%,
2195,36:35,,71.0%,
2200,36:40,70.0%,70.0%,
2205,36:45,,67.0%,
2210,36:50,56.0%,56.0%,
2215,36:55,,55.0%,
2220,37:00,64.0%,64.0%,
2225,37:05,,71.0%,
2230,37:10,76.0%,76.0%,
2235,37:15,,74.0%,
2240,37:20,72.0%,72.0%,
2245,37:25,,66.0%,
2250,37:30,69.0%,69.0%,
2255,37:35,,75.0%,
2260,37:40,55.0%,55.0%,
2265,37:45,,44.0%,
2270,37:50,48.0%,48.0%,
2275,37:55,,40.0%,
2280,38:00,43.0%,43.0%,
2285,38:05,,29.0%,
2290,38:10,26.0%,26.0%,
2295,38:15,,22.0%,
2300,38:20,29.0%,29.0%,
2305,38:25,,28.0%,
2310,38:30,23.0%,23.0%,
2315,38:35,,28.0%,
2320,38:40,22.0%,22.0%,
2325,38:45,,32.0%,
2330,38:50,70.0%,70.0%,
2335,38:55,,67.0%,
2340,39:00,55.0%,55.0%,
2345,39:05,,67.0%,
2350,39:10,52.0%,52.0%,
2355,39:15,,36.0%,
2360,39:20,52.0%,52.0%,
2365,39:25,,43.0%,
2370,39:30,48.0%,48.0%,
2375,39:35,,43.0%,
2380,39:40,49.0%,49.0%,
2385,39:45,,42.0%,
2390,39:50,51.0%,51.0%,
2395,39:55,,39.0%,
2400,40:00,35.0%,35.0%,
2405,40:05,,35.0%,
2410,40:10,33.0%,33.0%,
2415,40:15,,38.0%,
2420,40:20,35.0%,35.0%,
2425,40:25,,33.0%,
2430,40:30,39.0%,39.0%,
2435,40:35,,47.0%,
2440,40:40,47.0%,47.0%,
2445,40:45,,61.0%,
2450,40:50,55.0%,55.0%,
2455,40:55,,46.0%,
2460,41:00,27.0%,27.0%,
2465,41:05,,16.0%,
2470,41:10,14.0%,14.0%,
2475,41:15,,13.0%,
2480,41:20,36.0%,36.0%,
2485,41:25,,39.0%,
2490,41:30,44.0%,44.0%,
2495,41:35,,45.0%,
2500,41:40,39.0%,39.0%,
2505,41:45,,45.0%,
2510,41:50,41.0%,41.0%,
2515,41:55,,35.0%,
2520,42:00,36.0%,36.0%,
2525,42:05,,48.0%,
2530,42:10,23.0%,23.0%,
2535,42:15,,23.0%,
2540,42:20,47.0%,47.0%,
2545,42:25,,56.0%,
2550,42:30,54.0%,54.0%,
2555,42:35,,40.0%,
2560,42:40,37.0%,37.0%,
2565,42:45,,40.0%,
2570,42:50,48.0%,48.0%,
2575,42:55,,47.0%,
2580,43:00,26.0%,26.0%,
2585,43:05,,29.0%,
2590,43:10,32.0%,32.0%,
2595,43:15,,26.0%,
2600,43:20,25.0%,25.0%,
2605,43:25,,27.0%,
2610,43:30,26.0%,26.0%,
2615,43:35,,27.0%,
2620,43:40,30.0%,30.0%,
2625,43:45,,34.0%,
2630,43:50,30.0%,30.0%,
2635,43:55,,34.0%,
2640,44:00,31.0%,31.0%,
2645,44:05,,33.0%,
2650,44:10,32.0%,32.0%,
2655,44:15,,27.0%,
2660,44:20,22.0%,22.0%,
2665,44:25,,19.0%,
2670,44:30,17.0%,17.0%,
2675,44:35,,27.0%,
2680,44:40,25.0%,25.0%,
2685,44:45,,14.0%,
2690,44:50,14.0%,14.0%,
2695,44:55,,25.0%,
2700,45:00,38.0%,38.0%,
2705,45:05,,35.0%,
2710,45:10,23.0%,23.0%,
2715,45:15,,26.0%,
2720,45:20,18.0%,18.0%,
2725,45:25,,25.0%,
2730,45:30,22.0%,22.0%,
2735,45:35,,28.0%,
2740,45:40,30.0%,30.0%,
2745,45:45,,26.0%,
2750,45:50,23.0%,23.0%,
2755,45:55,,24.0%,
2760,46:00,24.0%,24.0%,
2765,46:05,,38.0%,
2770,46:10,46.0%,46.0%,
2775,46:15,,40.0%,
2780,46:20,40.0%,40.0%,
2785,46:25,,43.0%,
2790,46:30,27.0%,27.0%,
2795,46:35,,24.0%,
2800,46:40,28.0%,28.0%,
2805,46:45,,26.0%,
2810,46:50,27.0%,27.0%,
2815,46:55,,34.0%,
2820,47:00,38.0%,38.0%,
2825,47:05,,36.0%,
2830,47:10,36.0%,36.0%,
2835,47:15,,40.0%,
2840,47:20,26.0%,26.0%,
2845,47:25,,28.0%,
2850,47:30,26.0%,26.0%,
2855,47:35,,35.0%,
2860,47:40,41.0%,41.0%,
2865,47:45,,35.0%,
2870,47:50,54.0%,54.0%,
2875,47:55,,57.0%,
2880,48:00,53.0%,53.0%,
2885,48:05,,56.0%,
2890,48:10,59.0%,59.0%,
2895,48:15,,24.0%,
2900,48:20,22.0%,22.0%,
2905,48:25,,37.0%,
2910,48:30,52.0%,52.0%,
2915,48:35,,59.0%,
2920,48:40,63.0%,63.0%,
2925,48:45,,59.0%,
2930,48:50,32.0%,32.0%,
2935,48:55,,30.0%,
2940,49:00,48.0%,48.0%,
2945,49:05,,56.0%,
2950,49:10,47.0%,47.0%,
2955,49:15,,45.0%,
2960,49:20,62.0%,62.0%,
2965,49:25,,62.0%,
2970,49:30,64.0%,64.0%,
2975,49:35,,64.0%,
2980,49:40,62.0%,62.0%,
2985,49:45,,64.0%,
2990,49:50,50.0%,50.0%,
2995,49:55,,36.0%,
3000,50:00,50.0%,50.0%,
3005,50:05,,54.0%,
3010,50:10,65.0%,65.0%,
3015,50:15,,65.0%,
3020,50:20,64.0%,64.0%,
3025,50:25,,63.0%,
3030,50:30,47.0%,47.0%,
3035,50:35,,50.0%,
3040,50:40,43.0%,43.0%,
3045,50:45,,45.0%,
3050,50:50,46.0%,46.0%,
3055,50:55,,39.0%,
3060,51:00,37.0%,37.0%,
3065,51:05,,43.0%,
3070,51:10,51.0%,51.0%,
3075,51:15,,43.0%,
3080,51:20,41.0%,41.0%,
3085,51:25,,46.0%,
3090,51:30,53.0%,53.0%,
3095,51:35,,50.0%,
3100,51:40,33.0%,33.0%,
3105,51:45,,40.0%,
3110,51:50,52.0%,52.0%,
3115,51:55,,53.0%,
3120,52:00,52.0%,52.0%,
3125,52:05,,54.0%,
3130,52:10,56.0%,56.0%,
3135,52:15,,44.0%,
3140,52:20,39.0%,39.0%,
3145,52:25,,31.0%,
3150,52:30,33.0%,33.0%,
3155,52:35,,43.0%,
3160,52:40,55.0%,55.0%,
3165,52:45,,55.0%,
3170,52:50,57.0%,57.0%,
3175,52:55,,57.0%,
3180,53:00,37.0%,37.0%,
3185,53:05,,52.0%,
3190,53:10,68.0%,68.0%,
3195,53:15,,65.0%,
3200,53:20,65.0%,65.0%,
3205,53:25,,50.0%,
3210,53:30,58.0%,58.0%,
3215,53:35,,69.0%,
3220,53:40,66.0%,66.0%,
3225,53:45,,69.0%,
3230,53:50,45.0%,45.0%,
3235,53:55,,38.0%,
3240,54:00,53.0%,53.0%,
3245,54:05,,48.0%,
3250,54:10,38.0%,38.0%,
3255,54:15,,55.0%,
3260,54:20,62.0%,62.0%,
3265,54:25,,43.0%,
3270,54:30,45.0%,45.0%,
3275,54:35,,52.0%,
3280,54:40,68.0%,68.0%,
3285,54:45,,65.0%,
3290,54:50,62.0%,62.0%,
3295,54:55,,58.0%,
3300,55:00,62.0%,62.0%,
3305,55:05,,66.0%,
3310,55:10,65.0%,65.0%,
3315,55:15,,61.0%,
3320,55:20,61.0%,61.0%,
3325,55:25,,42.0%,
3330,55:30,44.0%,44.0%,
3335,55:35,,39.0%,
3340,55:40,36.0%,36.0%,
3345,55:45,,33.0%,
3350,55:50,30.0%,30.0%,
3355,55:55,,33.0%,
3360,56:00,35.0%,35.0%,
3365,56:05,,37.0%,
3370,56:10,42.0%,42.0%,
3375,56:15,,49.0%,
3380,56:20,44.0%,44.0%,
3385,56:25,,54.0%,
3390,56:30,57.0%,57.0%,
3395,56:35,,50.0%,
3400,56:40,58.0%,58.0%,
3405,56:45,,63.0%,
3410,56:50,55.0%,55.0%,
3415,56:55,,37.0%,
3420,57:00,19.0%,19.0%,
3425,57:05,,22.0%,
3430,57:10,24.0%,24.0%,
3435,57:15,,20.0%,
3440,57:20,22.0%,22.0%,
3445,57:25,,21.0%,
3450,57:30,19.0%,19.0%,
3455,57:35,,22.0%,
3460,57:40,22.0%,22.0%,
3465,57:45,,20.0%,
3470,57:50,39.0%,39.0%,
3475,57:55,,47.0%,
3480,58:00,57.0%,57.0%,
3485,58:05,,55.0%,
3490,58:10,59.0%,59.0%,
3495,58:15,,42.0%,
3500,58:20,24.0%,24.0%,
3505,58:25,,31.0%,
3510,58:30,38.0%,38.0%,
3515,58:35,,22.0%,
3520,58:40,24.0%,24.0%,
3525,58:45,,27.0%,
3530,58:50,31.0%,31.0%,
3535,58:55,,26.0%,
3540,59:00,46.0%,46.0%,
3545,59:05,,71.0%,
3550,59:10,69.0%,69.0%,
3555,59:15,,67.0%,
3560,59:20,65.0%,65.0%,
3565,59:25,,66.0%,
3570,59:30,67.0%,67.0%,
3575,59:35,,67.0%,
3580,59:40,69.0%,69.0%,
3585,59:45,,49.0%,
3590,59:50,34.0%,34.0%,
3595,59:55,,39.0%,
3600,60:00,66.0%,66.0%,
3605,60:05,,66.0%,
3610,60:10,61.0%,61.0%,
3615,60:15,,66.0%,
3620,60:20,63.0%,63.0%,
3625,60:25,,63.0%,
3630,60:30,73.0%,73.0%,
3635,60:35,,62.0%,
3640,60:40,68.0%,68.0%,
3645,60:45,,69.0%,
3650,60:50,64.0%,64.0%,
3655,60:55,,51.0%,
3660,61:00,55.0%,55.0%,
3665,61:05,,63.0%,
3670,61:10,60.0%,60.0%,
3675,61:15,,53.0%,
3680,61:20,53.0%,53.0%,
3685,61:25,,43.0%,
3690,61:30,31.0%,31.0%,
3695,61:35,,26.0%,
3700,61:40,30.0%,30.0%,
3705,61:45,,23.0%,
3710,61:50,27.0%,27.0%,
3715,61:55,,20.0%,
3720,62:00,21.0%,21.0%,
3725,62:05,,24.0%,
3730,62:10,23.0%,23.0%,
3735,62:15,,25.0%,
3740,62:20,36.0%,36.0%,
3745,62:25,,34.0%,
3750,62:30,33.0%,33.0%,
3755,62:35,,37.0%,
3760,62:40,37.0%,37.0%,
3765,62:45,,35.0%,
3770,62:50,37.0%,37.0%,
3775,62:55,,33.0%,
3780,63:00,40.0%,40.0%,
3785,63:05,,39.0%,
3790,63:10,38.0%,38.0%,
3795,63:15,,34.0%,
3800,63:20,22.0%,22.0%,
3805,63:25,,25.0%,
3810,63:30,43.0%,43.0%,
3815,63:35,,36.0%,
3820,63:40,36.0%,36.0%,
3825,63:45,,31.0%,
3830,63:50,34.0%,34.0%,
3835,63:55,,28.0%,
3840,64:00,29.0%,29.0%,
3845,64:05,,32.0%,
3850,64:10,32.0%,32.0%,
3855,64:15,,31.0%,
3860,64:20,36.0%,36.0%,
3865,64:25,,36.0%,
3870,64:30,28.0%,28.0%,
3875,64:35,,28.0%,
3880,64:40,37.0%,37.0%,
3885,64:45,,42.0%,
3890,64:50,45.0%,45.0%,
3895,64:55,,42.0%,
3900,65:00,41.0%,41.0%,
3905,65:05,,48.0%,
3910,65:10,40.0%,40.0%,
3915,65:15,,40.0%,
3920,65:20,42.0%,42.0%,
3925,65:25,,37.0%,
3930,65:30,38.0%,38.0%,
3935,65:35,,38.0%,
3940,65:40,39.0%,39.0%,
3945,65:45,,42.0%,
3950,65:50,45.0%,45.0%,
3955,65:55,,45.0%,
3960,66:00,25.0%,25.0%,
3965,66:05,,24.0%,
3970,66:10,23.0%,23.0%,
3975,66:15,,40.0%,
3980,66:20,45.0%,45.0%,
3985,66:25,,36.0%,
3990,66:30,32.0%,32.0%,
3995,66:35,,50.0%,
4000,66:40,56.0%,56.0%,
4005,66:45,,53.0%,
4010,66:50,55.0%,55.0%,
4015,66:55,,46.0%,
4020,67:00,39.0%,39.0%,
4025,67:05,,47.0%,
4030,67:10,54.0%,54.0%,
4035,67:15,,52.0%,
4040,67:20,53.0%,53.0%,
4045,67:25,,37.0%,
4050,67:30,42.0%,42.0%,
4055,67:35,,42.0%,
4060,67:40,42.0%,42.0%,
4065,67:45,,39.0%,
4070,67:50,39.0%,39.0%,
4075,67:55,,29.0%,
4080,68:00,33.0%,33.0%,
4085,68:05,,37.0%,
4090,68:10,35.0%,35.0%,
4095,68:15,,44.0%,
4100,68:20,43.0%,43.0%,
4105,68:25,,40.0%,
4110,68:30,35.0%,35.0%,
4115,68:35,,36.0%,
4120,68:40,39.0%,39.0%,
4125,68:45,,37.0%,
4130,68:50,41.0%,41.0%,
4135,68:55,,40.0%,
4140,69:00,36.0%,36.0%,
4145,69:05,,41.0%,
4150,69:10,35.0%,35.0%,
4155,69:15,,49.0%,
4160,69:20,50.0%,50.0%,
4165,69:25,,48.0%,
4170,69:30,50.0%,50.0%,
4175,69:35,,48.0%,
4180,69:40,38.0%,38.0%,
4185,69:45,,40.0%,
4190,69:50,54.0%,54.0%,
4195,69:55,,55.0%,
4200,70:00,48.0%,48.0%,
4205,70:05,,47.0%,
4210,70:10,19.0%,19.0%,
4215,70:15,,22.0%,
4220,70:20,19.0%,19.0%,
4225,70:25,,26.0%,
4230,70:30,23.0%,23.0%,
4235,70:35,,25.0%,
4240,70:40,22.0%,22.0%,
4245,70:45,,26.0%,
4250,70:50,35.0%,35.0%,
4255,70:55,,36.0%,
4260,71:00,39.0%,39.0%,
4265,71:05,,36.0%,
4270,71:10,42.0%,42.0%,
4275,71:15,,42.0%,
4280,71:20,37.0%,37.0%,
4285,71:25,,39.0%,
4290,71:30,26.0%,26.0%,
4295,71:35,,25.0%,
4300,71:40,23.0%,23.0%,
4305,71:45,,23.0%,
4310,71:50,35.0%,35.0%,
4315,71:55,,45.0%,
4320,72:00,53.0%,53.0%,
4325,72:05,,44.0%,
4330,72:10,39.0%,39.0%,
4335,72:15,,29.0%,
4340,72:20,40.0%,40.0%,
4345,72:25,,41.0%,
4350,72:30,44.0%,44.0%,
4355,72:35,,27.0%,
4360,72:40,21.0%,21.0%,
4365,72:45,,31.0%,
4370,72:50,25.0%,25.0%,
4375,72:55,,23.0%,
4380,73:00,26.0%,26.0%,
4385,73:05,,47.0%,
4390,73:10,52.0%,52.0%,
4395,73:15,,39.0%,
4400,73:20,33.0%,33.0%,
4405,73:25,,38.0%,
4410,73:30,54.0%,54.0%,
4415,73:35,,43.0%,
4420,73:40,40.0%,40.0%,
4425,73:45,,32.0%,
4430,73:50,32.0%,32.0%,
4435,73:55,,30.0%,
4440,74:00,30.0%,30.0%,
4445,74:05,,26.0%,
4450,74:10,35.0%,35.0%,
4455,74:15,,40.0%,
4460,74:20,34.0%,34.0%,
4465,74:25,,39.0%,
4470,74:30,47.0%,47.0%,
4475,74:35,,38.0%,
4480,74:40,48.0%,48.0%,
4485,74:45,,43.0%,
4490,74:50,45.0%,45.0%,
4495,74:55,,48.0%,
4500,75:00,31.0%,31.0%,
4505,75:05,,32.0%,
4510,75:10,47.0%,47.0%,
4515,75:15,,49.0%,
4520,75:20,38.0%,38.0%,
4525,75:25,,54.0%,
4530,75:30,51.0%,51.0%,
4535,75:35,,50.0%,
4540,75:40,48.0%,48.0%,
4545,75:45,,50.0%,
4550,75:50,46.0%,46.0%,
4555,75:55,,74.0%,
4560,76:00,72.0%,72.0%,
4565,76:05,,52.0%,
4570,76:10,49.0%,49.0%,
4575,76:15,,58.0%,
4580,76:20,60.0%,60.0%,
4585,76:25,,61.0%,
4590,76:30,61.0%,61.0%,
4595,76:35,,54.0%,
4600,76:40,57.0%,57.0%,
4605,76:45,,62.0%,
4610,76:50,72.0%,72.0%,
4615,76:55,,64.0%,
4620,77:00,57.0%,57.0%,
4625,77:05,,52.0%,
4630,77:10,61.0%,61.0%,
4635,77:15,,45.0%,
4640,77:20,44.0%,44.0%,
4645,77:25,,44.0%,
4650,77:30,59.0%,59.0%,
4655,77:35,,47.0%,
4660,77:40,50.0%,50.0%,
4665,77:45,,54.0%,
4670,77:50,59.0%,59.0%,
4675,77:55,,62.0%,
4680,78:00,61.0%,61.0%,
4685,78:05,,63.0%,
4690,78:10,53.0%,53.0%,
4695,78:15,,53.0%,
4700,78:20,52.0%,52.0%,
4705,78:25,,35.0%,
4710,78:30,32.0%,32.0%,
4715,78:35,,36.0%,
4720,78:40,34.0%,34.0%,
4725,78:45,,36.0%,
4730,78:50,44.0%,44.0%,
4735,78:55,,40.0%,
4740,79:00,32.0%,32.0%,
4745,79:05,,33.0%,
4750,79:10,45.0%,45.0%,
4755,79:15,,62.0%,
4760,79:20,61.0%,61.0%,
4765,79:25,,64.0%,
4770,79:30,59.0%,59.0%,
4775,79:35,,58.0%,
4780,79:40,61.0%,61.0%,
4785,79:45,,61.0%,
4790,79:50,61.0%,61.0%,
4795,79:55,,42.0%,
4800,80:00,54.0%,54.0%,
4805,80:05,,44.0%,
4810,80:10,42.0%,42.0%,
4815,80:15,,34.0%,
4820,80:20,30.0%,30.0%,
4825,80:25,,26.0%,
4830,80:30,21.0%,21.0%,
4835,80:35,,21.0%,
4840,80:40,27.0%,27.0%,
4845,80:45,,70.0%,
4850,80:50,60.0%,60.0%,
4855,80:55,,62.0%,
4860,81:00,61.0%,61.0%,
4865,81:05,,45.0%,
4870,81:10,40.0%,40.0%,
4875,81:15,,49.0%,
4880,81:20,56.0%,56.0%,
4885,81:25,,40.0%,
4890,81:30,47.0%,47.0%,
4895,81:35,,43.0%,
4900,81:40,48.0%,48.0%,
4905,81:45,,39.0%,
4910,81:50,20.0%,20.0%,
4915,81:55,,26.0%,
